{"cameraMode":{"drawMode":0,"name":"Shaded","section":"Shading Mode"},"sceneLighting":true,"audioPlay":false,"sceneViewState":{"m_AlwaysRefresh":false,"showFog":true,"showSkybox":true,"showFlares":true,"showImageEffects":true,"showParticleSystems":true,"showVisualEffectGraphs":true,"m_FxEnabled":true},"in2DMode":false,"pivot":{"x":22.727787017822267,"y":4.271562099456787,"z":15.051679611206055},"rotation":{"x":0.044166259467601779,"y":-0.0987471416592598,"z":0.004387598484754562,"w":0.9941344857215881},"size":6.269629955291748,"orthographic":false}