{"cameraMode":{"drawMode":0,"name":"Shaded","section":"Shading Mode"},"sceneLighting":true,"audioPlay":false,"sceneViewState":{"m_AlwaysRefresh":false,"showFog":true,"showSkybox":true,"showFlares":true,"showImageEffects":true,"showParticleSystems":true,"showVisualEffectGraphs":true,"m_FxEnabled":true},"in2DMode":false,"pivot":{"x":27.785823822021486,"y":1.2618579864501954,"z":30.95102310180664},"rotation":{"x":0.15910212695598603,"y":-0.2928082048892975,"z":0.04948146641254425,"w":0.941552996635437},"size":21.864728927612306,"orthographic":false}